fold,test_start,test_end,train_end,training_zones,n_train,n_excluded_training,n_expected,n_forecast,cache_gap_fraction,fold_status,n_measured,n_common,n_measured_without_comparison,n_available_seasonal_naive,n_available_hour_weekday_mean,n_available_ridge_all,n_available_per_zone_ridge
1,2024-08-31T18:30:00+00:00,2024-09-30T18:30:00+00:00,2024-08-21T04:30:00+00:00,"['IN-EA', 'IN-NO', 'IN-SO', 'IN-WE']",127556,75774,3600,3600,0.0,cache coverage reliable,720,720,0,720,720,720,720
2,2024-09-30T18:30:00+00:00,2024-10-31T18:30:00+00:00,2024-09-20T04:30:00+00:00,"['IN-EA', 'IN-NO', 'IN-SO', 'IN-WE']",130436,76494,3720,3720,0.0,cache coverage reliable,744,744,0,744,744,744,744
3,2024-10-31T18:30:00+00:00,2024-11-30T18:30:00+00:00,2024-10-21T04:30:00+00:00,"['IN-EA', 'IN-NO', 'IN-SO', 'IN-WE']",133412,77238,3600,3600,0.0,cache coverage reliable,2984,1402,1582,1640,2410,2410,2410
4,2024-11-30T18:30:00+00:00,2024-12-31T18:30:00+00:00,2024-11-20T04:30:00+00:00,"['IN-EA', 'IN-NE', 'IN-NO', 'IN-SO', 'IN-WE']",136511,77739,3720,3720,0.0,cache coverage reliable,3483,3483,0,3483,3483,3483,3483
5,2024-12-31T18:30:00+00:00,2025-01-31T18:30:00+00:00,2024-12-21T04:30:00+00:00,"['IN-EA', 'IN-NE', 'IN-NO', 'IN-SO', 'IN-WE']",140165,77805,3720,3720,0.0,cache coverage reliable,3720,3720,0,3720,3720,3720,3720
6,2025-01-31T18:30:00+00:00,2025-02-28T18:30:00+00:00,2025-01-21T04:30:00+00:00,"['IN-EA', 'IN-NE', 'IN-NO', 'IN-SO', 'IN-WE']",143648,78042,3360,3360,0.0,cache coverage reliable,3360,3360,0,3360,3360,3360,3360
7,2025-02-28T18:30:00+00:00,2025-03-31T18:30:00+00:00,2025-02-18T04:30:00+00:00,"['IN-EA', 'IN-NE', 'IN-NO', 'IN-SO', 'IN-WE']",147008,78042,3720,3720,0.0,cache coverage reliable,3720,3720,0,3720,3720,3720,3720
8,2025-03-31T18:30:00+00:00,2025-04-30T18:30:00+00:00,2025-03-21T04:30:00+00:00,"['IN-EA', 'IN-NE', 'IN-NO', 'IN-SO', 'IN-WE']",150728,78042,3600,3600,0.0,cache coverage reliable,3600,3600,0,3600,3600,3600,3600
9,2025-04-30T18:30:00+00:00,2025-05-31T18:30:00+00:00,2025-04-20T04:30:00+00:00,"['IN-EA', 'IN-NE', 'IN-NO', 'IN-SO', 'IN-WE']",154328,78042,3720,3720,0.0,cache coverage reliable,3720,3720,0,3720,3720,3720,3720
10,2025-05-31T18:30:00+00:00,2025-06-30T18:30:00+00:00,2025-05-21T04:30:00+00:00,"['IN-EA', 'IN-NE', 'IN-NO', 'IN-SO', 'IN-WE']",158048,78042,3600,3600,0.0,cache coverage reliable,3482,3482,0,3482,3482,3482,3482
11,2025-06-30T18:30:00+00:00,2025-07-31T18:30:00+00:00,2025-06-20T04:30:00+00:00,"['IN-EA', 'IN-NE', 'IN-NO', 'IN-SO', 'IN-WE']",161648,78042,3720,3720,0.0,cache coverage reliable,3480,3480,0,3480,3480,3480,3480
12,2025-07-31T18:30:00+00:00,2025-08-31T18:30:00+00:00,2025-07-21T04:30:00+00:00,"['IN-EA', 'IN-NE', 'IN-NO', 'IN-SO', 'IN-WE']",165130,78280,3720,3720,0.0,cache coverage reliable,3602,3602,0,3602,3602,3602,3602
