fold,model,n_rows,mape_pct,mae_mw,rmse_mw,mase,rmsse,signed_bias_pct,shortfall_freq_pct,p95_abs_pct,rmse_mae_ratio,baseline_mape_pct,n_peak_days,peak_mae_mw,peak_mape_pct,baseline_peak_mae_mw,n_ramps,ramp_mae_mw,baseline_ramp_mae_mw,ramp_mase
1,seasonal_naive,720,17.588015420107013,6620.858333333334,7726.399041957097,1.0,1.0,-6.402514711549859,55.97222222222222,30.92054453633297,1.1669784570163382,17.588015420107013,30,6720.233333333334,16.81789865800192,6720.233333333334,150,275.5,275.5,1.0
1,hour_weekday_mean,720,14.086982711959674,5147.308703378763,5421.936311178056,0.7774382782764213,0.7017416886877071,-1.1211444868896137,53.47222222222222,19.84864672645009,1.053353630727262,17.588015420107013,30,5115.537046939988,12.930399778455579,6720.233333333334,150,198.1762210338683,275.5,0.7193329257127706
1,ridge_all,720,18.87752441459114,6619.3537594600375,8150.8358886425785,0.999772752444238,1.0549333323817003,6.611380860030532,34.86111111111111,54.55579119915827,1.2313642970046474,17.588015420107013,30,5098.367580018989,12.766390769113977,6720.233333333334,150,1559.0165684930805,275.5,5.658862317579239
1,per_zone_ridge,720,13.918440693084586,4901.440107014724,5242.376692482406,0.740302821816616,0.6785019339558356,2.2206157040012133,52.361111111111114,26.709878127607073,1.0695584518067962,17.588015420107013,30,4643.445540724658,12.084918653100807,6720.233333333334,150,457.30738913265816,275.5,1.6599179278862364
2,seasonal_naive,744,14.74994179496073,5546.7553763440865,6462.787595356061,1.0,1.0,4.3771181515330255,42.876344086021504,35.1359757643185,1.1651473982282843,14.74994179496073,31,4589.064516129032,11.067768844524544,4589.064516129032,155,213.01290322580644,213.01290322580644,1.0
2,hour_weekday_mean,744,16.048761459544547,6697.955698270427,7228.470380203033,1.2075448156296928,1.1184756227169164,-11.820677427378074,78.49462365591397,23.777450968284466,1.079205462954853,14.74994179496073,31,8442.253333129393,19.161913346942857,4589.064516129032,155,157.2297710273945,213.01290322580644,0.7381232246795937
2,ridge_all,744,16.78146720334646,6742.714137311007,8041.999877428589,1.215614116690177,1.2443546625619102,-5.192373604097929,54.83870967741935,38.415207105596366,1.1926947685543936,14.74994179496073,31,8857.149132157563,20.050404579222093,4589.064516129032,155,1449.72312171232,213.01290322580644,6.80579955372716
2,per_zone_ridge,744,15.868229980478684,6617.149535192669,7185.213796665365,1.1929766297993998,1.1117824453689946,-11.522767289190755,78.49462365591397,23.8883156182873,1.0858472758476292,14.74994179496073,31,8438.353465207285,19.18021422261351,4589.064516129032,155,331.71318377356096,213.01290322580644,1.557244555377592
3,seasonal_naive,1402,16.1775059747585,5751.420827389444,7013.328973228993,1.0,1.0,7.582991424284409,29.885877318116975,47.940975849762275,1.2194080704075911,16.1775059747585,58,5400.6551724137935,12.159665831400703,5400.6551724137935,290,804.7724137931034,804.7724137931034,1.0
3,hour_weekday_mean,1402,13.670418532894605,4988.516739219769,5883.930395513011,0.8673538050742924,0.8389639810100056,4.404270745866552,34.59343794579173,31.592607217050958,1.1794949687656635,16.1775059747585,58,4382.446120377156,9.470088407063757,5400.6551724137935,290,1914.3251458133502,804.7724137931034,2.3787161600018494
3,ridge_all,1402,22.750231793402506,8873.940014330212,11522.725622371474,1.5429126611759467,1.6429752071171302,17.598637629004124,19.900142653352354,66.16661598923899,1.2984903665974563,16.1775059747585,58,4988.239034677761,10.281311560881083,5400.6551724137935,290,2612.648319426453,804.7724137931034,3.246443683515885
3,per_zone_ridge,1402,21.277180504376894,8323.721428272205,10318.506025621737,1.4472461115404631,1.4712707852446587,19.436766847174457,9.985734664764621,47.38451818035567,1.2396505715068842,16.1775059747585,58,10129.013110256918,19.640951931803066,5400.6551724137935,290,2170.8186554727595,804.7724137931034,2.697431743766069
4,seasonal_naive,3483,19.135423566735753,4778.220499569336,6947.0713756821915,1.0,1.0,-2.8338207950468512,45.76514498995119,73.05683259556172,1.453903472288132,19.135423566735753,145,5139.855172413793,14.345297515776437,5139.855172413793,725,614.4855172413793,614.4855172413793,1.0
4,hour_weekday_mean,3483,21.953677542397497,6155.991761241641,9328.707914366863,1.2883440104525279,1.3428259780116047,0.04750055159773866,50.961814527706,58.445838883845724,1.5153866795437843,19.135423566735753,145,8183.387577938682,17.920726457756206,5139.855172413793,725,1902.64757771832,614.4855172413793,3.096326153071775
4,ridge_all,3483,26.19678901171243,6910.194774499155,8969.83902288378,1.4461858290386502,1.2911683985689517,8.69346367475117,39.56359460235429,69.06717877292617,1.298058783521613,19.135423566735753,145,5025.49903772254,18.998634042187387,5139.855172413793,725,2416.100153392803,614.4855172413793,3.9319074015599975
4,per_zone_ridge,3483,72.02699301230722,8730.331106365951,11407.44502569026,1.8271092987761488,1.642050931795712,66.83319145553895,18.69078380706288,352.701907278226,1.3066451760772533,19.135423566735753,145,11481.484857937668,73.34857492239242,5139.855172413793,725,2394.912879779433,614.4855172413793,3.8974277059139775
5,seasonal_naive,3720,11.99898077230854,3473.184677419355,4896.634557206405,1.0,1.0,1.4639818816583052,40.26881720430108,34.800006424431636,1.4098399630291762,11.99898077230854,155,3691.690322580645,9.11528013137324,3691.690322580645,775,747.72,747.72,1.0
5,hour_weekday_mean,3720,18.09473727840368,6428.519348903661,10108.87329267392,1.8509005267408294,2.064453284102371,-3.51792454548734,58.89784946236559,47.45239268600428,1.572504140381551,11.99898077230854,155,8561.125899682078,16.106435494503334,3691.690322580645,775,1819.2647027406638,747.72,2.4330828421610544
5,ridge_all,3720,17.819239018103808,5174.94715414942,7008.678647325866,1.4899717794432137,1.431325651413205,1.8447558697915072,47.68817204301075,48.61735854385315,1.3543478684040489,11.99898077230854,155,3250.1275523923687,12.978365103742433,3691.690322580645,775,2309.3763053033927,747.72,3.088557622242808
5,per_zone_ridge,3720,57.85713546321915,6397.962686942065,8543.586238888793,1.8421026467547008,1.7447873920497394,50.972448706473216,24.112903225806452,343.14688289538867,1.3353604353344921,11.99898077230854,155,8592.416347628596,54.26201831890565,3691.690322580645,775,2207.2298089289748,747.72,2.951946997444197
6,seasonal_naive,3360,9.709815265392884,2560.5875,3520.5306577986225,1.0,1.0,-1.9954103993320094,48.125,33.86767402766103,1.374891761284714,9.709815265392884,140,2771.3285714285716,8.452367003044841,2771.3285714285716,700,739.2371428571429,739.2371428571429,1.0
6,hour_weekday_mean,3360,14.038288006953556,6474.119709908888,10716.753683951032,2.528372769885383,3.0440733871217547,-7.951128598527891,69.94047619047619,34.183559395210594,1.6553221386296937,9.709815265392884,140,9276.127255407564,15.243117284280506,2771.3285714285716,700,1491.3226704871975,739.2371428571429,2.0173805995776304
6,ridge_all,3360,14.617916611201196,5082.0547247737495,6859.941153165106,1.9847221486372753,1.9485531642705838,0.8345657424279269,47.023809523809526,34.37931012701418,1.3498361439762943,9.709815265392884,140,3008.4753879614887,10.352050765602176,2771.3285714285716,700,1919.767976800337,739.2371428571429,2.5969582228788672
6,per_zone_ridge,3360,25.31724904698354,5328.540285391237,7855.951174146147,2.0809834795300834,2.2314679057669253,16.441216383007355,33.839285714285715,93.64015650152425,1.4743158075925742,9.709815265392884,140,7136.945659511572,26.77019073405202,2771.3285714285716,700,1644.40748070978,739.2371428571429,2.2244654460328714
7,seasonal_naive,3720,10.486536550679627,3383.0690860215054,4779.453207832483,1.0,1.0,-0.14170479843520434,41.344086021505376,27.569142527929042,1.4127566083650769,10.486536550679627,155,3761.4709677419355,9.51008571820146,3761.4709677419355,775,762.8916129032258,762.8916129032258,1.0
7,hour_weekday_mean,3720,14.27457868049553,7188.645937613426,11388.360020452508,2.124888896687382,2.3827746658947233,-8.043371215995052,63.763440860215056,34.60683102011269,1.58421490212291,10.486536550679627,155,9133.216141654037,14.807638088158342,3761.4709677419355,775,1451.2953366377872,762.8916129032258,1.902361111449113
7,ridge_all,3720,15.198337645688884,5658.27156124353,7911.939630807847,1.672526164074783,1.6554068607350103,4.210862350846163,42.473118279569896,41.222449823124784,1.3982962014408906,10.486536550679627,155,5220.875570473841,12.16192084088033,3761.4709677419355,775,1922.3448600054403,762.8916129032258,2.519813860175827
7,per_zone_ridge,3720,17.98036400198918,5806.523752319811,8225.746700717918,1.7163479682728833,1.7210643860343084,7.954414529378301,34.973118279569896,49.202231037306554,1.416638775899536,10.486536550679627,155,6342.650647842775,19.082631417791916,3761.4709677419355,775,1508.3838966536562,762.8916129032258,1.97719292117188
8,seasonal_naive,3600,12.799192165318903,3806.665,5301.603377071674,1.0,1.0,-0.09234345150196178,46.111111111111114,42.13697334558622,1.3927160328191932,12.799192165318903,150,4418.78,11.133183420017973,4418.78,750,740.6706666666666,740.6706666666666,1.0
8,hour_weekday_mean,3600,20.02794487895407,9134.859752538827,13684.210633786859,2.399701511044136,2.581145676224708,-6.3683357551934625,60.97222222222223,43.386551801626986,1.498020878753354,12.799192165318903,150,10655.668737128224,19.605906451905756,4418.78,750,1588.9178741005048,740.6706666666666,2.1452420699354975
8,ridge_all,3600,20.532987391217887,7110.544989031146,10430.464275051427,1.867919816698119,1.9674169365745093,8.287362119552148,39.47222222222222,71.00927487123553,1.4669008199992615,12.799192165318903,150,9456.98173647778,17.86769888788957,4418.78,750,2106.5454306958964,740.6706666666666,2.844105383808768
8,per_zone_ridge,3600,17.721995948483933,6210.295513351392,8984.832775475272,1.6314268561460996,1.694738767960801,6.432746986391881,36.611111111111114,46.24929407761667,1.4467641283991972,12.799192165318903,150,6591.282168775963,14.999531483017023,4418.78,750,1657.4167933585506,740.6706666666666,2.237724359758477
9,seasonal_naive,3720,16.488616973104364,5456.566666666667,7736.271394527531,1.0,1.0,4.767434192325396,33.413978494623656,44.36785814789528,1.4177910519791195,16.488616973104364,155,5143.858064516129,13.048095073270924,5143.858064516129,775,829.8,829.8,1.0
9,hour_weekday_mean,3720,22.920852820359688,8945.350037271715,12448.153008959905,1.6393733612598365,1.60906363985181,-2.7245277550570566,55.16129032258065,54.27402465884671,1.3915780776709021,16.488616973104364,155,7988.94058773071,15.915477344836084,5143.858064516129,775,1597.7329260076401,829.8,1.9254433911878046
9,ridge_all,3720,23.75370912600737,7265.236537079741,10164.883267991232,1.3314666494339678,1.3139253717471246,11.535029103626274,41.02150537634409,88.71698537362666,1.3991125018590247,16.488616973104364,155,6274.498584784478,12.793282070811381,5143.858064516129,775,2001.333465418987,829.8,2.4118263020233637
9,per_zone_ridge,3720,21.109660755262215,6912.726104765162,9439.39116548323,1.2668636758337346,1.220147366102028,9.927977615555221,31.989247311827956,57.77487884811424,1.3655092104656594,16.488616973104364,155,4504.674321156997,9.85552493724431,5143.858064516129,775,1677.8121414860968,829.8,2.02194762772487
10,seasonal_naive,3482,10.623070462516711,4549.121194715681,6465.881895797959,1.0,1.0,-1.5109070801215643,50.17231476163124,24.63197071058319,1.4213474688932914,10.623070462516711,145,4742.006896551724,11.34635736804256,4742.006896551724,725,743.0744827586207,743.0744827586207,1.0
10,hour_weekday_mean,3482,23.065412563913725,10456.487105724504,13857.919324389255,2.2985729898493137,2.1432373105044227,-11.071020232640244,65.8816771970132,49.14165676189509,1.32529397151005,10.623070462516711,145,8405.622726706333,19.285050776776327,4742.006896551724,725,1579.366340193516,743.0744827586207,2.1254482246923763
10,ridge_all,3482,21.459978821245564,8318.66589888145,10952.932485427662,1.8286314087530846,1.6939580187113752,1.6373823106239684,54.07811602527283,64.77002484281194,1.3166693576310622,10.623070462516711,145,6298.826547106709,16.195669484272244,4742.006896551724,725,1873.3544299444657,743.0744827586207,2.5210856696219017
10,per_zone_ridge,3482,17.743729115216993,7825.935846215394,10925.681190207642,1.7203181694315168,1.6897433894219462,-1.101365011961493,46.7834577828834,39.70432742036369,1.3960862195786181,10.623070462516711,145,5810.786901585091,14.061381364953245,4742.006896551724,725,1653.2780905599602,743.0744827586207,2.224915710229023
11,seasonal_naive,3480,4.874813847745421,1924.4864942528736,2709.898120990792,1.0,1.0,-0.5717634451070999,32.95977011494253,12.577029301531304,1.4081149070587953,4.874813847745421,145,2470.2,5.778454841778147,2470.2,725,524.7462068965517,524.7462068965517,1.0
11,hour_weekday_mean,3480,22.90001894042859,10509.293217477967,13368.24998752627,5.460829810373856,4.93311902907943,-11.185434897696645,65.43103448275862,46.74279215258853,1.2720408224307207,4.874813847745421,145,7389.307236288705,16.51536514815008,2470.2,725,1377.2946708849393,524.7462068965517,2.6246872350550574
11,ridge_all,3480,21.35823676272421,8952.161678558505,11205.90064221113,4.651714473077622,4.135174143784429,1.7394715536020768,50.48850574712643,58.45251854348947,1.2517536037190435,4.874813847745421,145,6285.282893686472,15.737440805311554,2470.2,725,1573.7228284043838,524.7462068965517,2.9990170633374906
11,per_zone_ridge,3480,16.469327369764226,8028.339511643182,11265.53695060188,4.171678801393695,4.157180988960197,0.31930712417601925,41.89655172413793,36.269719562474144,1.403221293053678,4.874813847745421,145,6015.014889849273,11.231623546340732,2470.2,725,1404.5269154855062,524.7462068965517,2.676583264493028
12,seasonal_naive,3602,6.21700217299758,2499.652692948362,3761.079708004223,1.0,1.0,1.5022046847422386,28.484175458078848,16.3002711040454,1.5046409121612798,6.21700217299758,150,2939.0333333333333,6.402351787249266,2939.0333333333333,750,582.6106666666667,582.6106666666667,1.0
12,hour_weekday_mean,3602,21.423505542915624,9308.068718986062,12102.715189790935,3.7237448007255414,3.2178831956244585,-10.851630779633709,67.01832315380344,44.36482674414669,1.300239131787297,6.21700217299758,150,6666.666501476889,15.115763204079315,2939.0333333333333,750,1431.7089487684414,582.6106666666667,2.4574025686137593
12,ridge_all,3602,19.15391115592912,7871.462087652599,10396.250852212374,3.149022306122112,2.7641665849536152,2.744910667129795,49.77790116601888,56.75034651110873,1.320752197805822,6.21700217299758,150,5422.713401729423,14.4335999742662,2939.0333333333333,750,1528.6240376106007,582.6106666666667,2.623748800131707
12,per_zone_ridge,3602,14.447055852126036,6525.821992074538,9542.618649819293,2.610691481454279,2.537201918244637,3.0245251696416626,33.87007218212104,33.514819061529415,1.4622860785060618,6.21700217299758,150,5724.470761297057,10.394232433030743,2939.0333333333333,750,1411.110861714735,582.6106666666667,2.4220477626821144
